pendaftarID,nilaiPrestasi
1,78
2,68
3,65
4,65
5,79
6,65
7,79
8,78
9,73
10,80
11,65
12,66
13,67
14,78
15,70
16,73
17,72
18,69
19,79
20,69
21,79
22,69
23,80
24,69
25,69
26,69
27,74
28,78
29,75
30,73
31,71
32,68
33,74
34,68
35,71
36,71
37,74
38,78
39,77
40,77
41,77
42,77
43,80
44,74
45,66
46,75
47,67
48,65
49,77
50,69
51,72
52,71
53,69
54,76
55,70
56,69
57,67
58,74
59,77
60,70
61,65
62,68
63,78
64,66
65,75
66,71
67,74
68,77
69,70
70,74
71,66
72,80
73,80
74,78
75,78
76,74
77,71
78,65
79,67
80,71
81,69
82,65
83,67
84,80
85,68
86,76
87,72
88,80
89,69
90,76
91,77
92,77
93,72
94,76
95,70
96,78
97,65
98,76
99,75
100,80
101,76
102,73
103,75
104,69
105,75
106,77
107,68
108,67
109,74
110,66
111,79
112,74
113,80
114,67
115,72
116,77
117,73
118,74
119,79
120,77
121,65
122,68
123,78
124,65
125,72
126,73
127,69
128,75
129,67
130,69
131,72
132,67
133,77
134,69
135,75
136,77
137,71
138,78
139,78
140,80
141,69
142,73
143,77
144,66
145,77
146,73
147,80
148,80
149,70
150,66
151,73
152,76
153,65
154,79
155,72
156,79
157,80
158,73
159,73
160,75
161,79
162,80
163,72
164,68
165,68
166,74
167,75
168,78
169,80
170,69
171,68
172,76
173,73
174,67
175,79
176,75
177,74
178,65
179,78
180,74
181,73
182,73
183,71
184,75
185,80
186,75
187,68
188,76
189,77
190,79
191,79
192,71
193,77
194,67
195,76
196,65
197,70
198,72
199,71
200,65
201,70
202,74
203,68
204,69
205,72
206,76
207,71
208,77
209,74
210,70
211,74
212,78
213,78
214,78
215,68
216,68
217,80
218,74
219,73
220,73
221,78
222,76
223,70
224,78
225,68
226,68
227,69
228,67
229,76
230,74
231,71
232,78
233,70
234,67
235,78
236,74
237,73
238,72
239,73
240,79
241,75
242,67
243,77
244,66
245,73
246,80
247,73
248,76
249,69
250,80
251,69
252,80
253,80
254,66
255,71
256,65
257,72
258,67
259,76
260,71
261,76
262,79
263,73
264,78
265,66
266,69
267,72
268,71
269,74
270,74
271,76
272,66
273,73
274,77
275,72
276,72
277,67
278,65
279,73
280,74
281,69
282,65
283,73
284,74
285,74
286,73
287,78
288,79
289,68
290,79
291,78
292,70
293,74
294,71
295,75
296,65
297,73
298,68
299,66
300,74
301,70
302,76
303,67
304,68
305,69
306,76
307,72
308,73
309,75
310,77
311,67
312,74
313,68
314,73
315,76
316,74
317,80
318,67
319,66
320,72
321,80
322,74
323,80
324,68
325,74
326,70
327,79
328,74
329,65
330,72
331,80
332,71
333,73
334,68
335,65
336,78
337,67
338,75
339,68
340,66
341,75
342,68
343,66
344,79
345,78
346,67
347,73
348,78
349,74
350,80
351,67
352,78
353,73
354,80
355,79
356,78
357,70
358,73
359,65
360,71
361,69
362,76
363,75
364,67
365,68
366,72
367,65
368,80
369,77
370,75
371,69
372,77
373,65
374,80
375,71
376,77
377,80
378,65
379,76
380,73
381,75
382,74
383,66
384,67
385,68
386,72
387,78
388,71
389,76
390,80
391,76
392,77
393,78
394,70
395,79
396,69
397,79
398,80
399,77
400,71
401,65
402,75
403,67
404,68
405,79
406,78
407,65
408,80
409,67
410,68
411,74
412,80
413,69
414,75
415,67
416,65
417,72
418,68
419,78
420,71
421,76
422,76
423,77
424,68
425,68
426,79
427,66
428,68
429,67
430,75
431,65
432,79
433,65
434,66
435,66
436,76
437,70
438,66
439,65
440,70
441,66
442,75
443,70
444,68
445,69
446,69
447,74
448,78
449,71
450,69
451,70
452,66
453,73
454,80
455,65
456,71
457,80
458,70
459,78
460,66
461,68
462,73
463,73
464,71
465,74
466,79
467,68
468,74
469,66
470,72
471,75
472,71
473,75
474,74
475,78
476,70
477,76
478,80
479,77
480,67
481,73
482,68
483,78
484,67
485,66
486,72
487,75
488,80
489,69
490,74
491,65
492,70
493,67
494,78
495,73
496,70
497,76
498,77
499,70
500,79
501,78
502,79
503,76
504,71
505,76
506,75
507,75
508,71
509,73
510,74
511,80
512,79
513,70
514,68
515,80
516,71
517,80
518,65
519,79
520,75
521,76
522,74
523,76
524,69
525,80
526,80
527,73
528,68
529,66
530,72
531,79
532,71
533,68
534,78
535,71
536,75
537,80
538,76
539,67
540,69
541,73
542,78
543,67
544,74
545,68
546,74
547,66
548,66
549,79
550,73
551,75
552,74
553,65
554,72
555,74
556,75
557,72
558,66
559,80
560,78
561,74
562,76
563,77
564,78
565,77
566,78
567,70
568,78
569,79
570,67
571,68
572,68
573,68
574,71
575,75
576,65
577,77
578,78
579,72
580,77
581,68
582,79
583,79
584,66
585,75
586,77
587,73
588,65
589,70
590,75
591,75
592,71
593,69
594,79
595,75
596,69
597,70
598,66
599,72
600,80
601,70
602,69
603,77
604,65
605,72
606,68
607,79
608,80
609,79
610,73
611,68
612,76
613,72
614,74
615,76
616,71
617,78
618,66
619,74
620,67
621,65
622,70
623,79
624,76
625,80
626,75
627,67
628,65
629,75
630,73
631,65
632,70
633,79
634,70
635,65
636,68
637,65
638,68
639,73
640,72
641,77
642,75
643,72
644,76
645,76
646,80
647,66
648,77
649,76
650,67
651,66
652,65
653,66
654,72
655,69
656,68
657,66
658,79
659,80
660,69
661,65
662,67
663,75
664,75
665,78
666,69
667,72
668,76
669,73
670,74
671,74
672,76
673,74
674,71
675,73
676,68
677,77
678,74
679,74
680,66
681,66
682,77
683,78
684,68
685,73
686,80
687,73
688,75
689,75
690,77
691,67
692,77
693,73
694,70
695,79
696,75
697,70
698,67
699,72
700,71
701,71
702,76
703,66
704,66
705,77
706,75
707,72
708,78
709,71
710,76
711,74
712,66
713,77
714,72
715,80
716,65
717,80
718,74
719,76
720,71
721,74
722,74
723,65
724,77
725,70
726,76
727,66
728,78
729,74
730,76
731,79
732,72
733,70
734,73
735,76
736,74
737,72
738,71
739,65
740,74
741,74
742,71
743,74
744,77
745,78
746,77
747,73
748,69
749,65
750,69
751,75
752,79
753,71
754,80
755,80
756,72
757,68
758,79
759,80
760,71
761,75
762,80
763,73
764,70
765,68
766,76
767,80
768,69
769,65
770,76
771,74
772,67
773,69
774,70
775,74
776,80
777,75
778,71
779,79
780,66
781,67
782,78
783,71
784,70
785,75
786,69
787,75
788,79
789,71
790,69
791,67
792,75
793,66
794,69
795,76
796,72
797,71
798,66
799,70
800,66
801,66
802,77
803,70
804,73
805,72
806,69
807,70
808,66
809,75
810,69
811,66
812,69
813,77
814,65
815,71
816,73
817,69
818,72
819,70
820,72
821,75
822,76
823,73
824,68
825,69
826,76
827,69
828,79
829,72
830,66
831,79
832,65
833,77
834,68
835,67
836,79
837,70
838,65
839,65
840,76
841,74
842,65
843,67
844,72
845,69
846,70
847,70
848,66
849,77
850,79
851,76
852,67
853,74
854,66
855,66
856,67
857,73
858,73
859,66
860,76
861,69
862,74
863,80
864,69
865,79
866,75
867,66
868,74
869,73
870,73
871,77
872,68
873,66
874,71
875,68
876,65
877,78
878,65
879,80
880,80
881,78
882,73
883,80
884,68
885,67
886,72
887,72
888,76
889,78
890,78
891,66
892,76
893,73
894,79
895,70
896,80
897,77
898,74
899,76
900,74
901,66
902,78
903,68
904,69
905,70
906,72
907,75
908,77
909,79
910,65
911,67
912,67
913,79
914,72
915,72
916,72
917,76
918,69
919,78
920,75
921,79
922,77
923,75
924,74
925,80
926,65
927,68
928,79
929,66
930,71
931,67
932,65
933,70
934,78
935,72
936,77
937,65
938,70
939,71
940,68
941,69
942,74
943,72
944,72
945,72
946,75
947,76
948,67
949,76
950,79
951,74
952,74
953,77
954,74
955,78
956,80
957,68
958,72
959,70
960,73
961,67
962,78
963,77
964,66
965,78
966,67
967,80
968,65
969,75
970,67
971,70
972,80
973,74
974,65
975,76
976,79
977,67
978,77
979,77
980,75
981,72
982,79
983,78
984,67
985,74
986,70
987,69
988,69
989,68
990,73
991,79
992,70
993,67
994,68
995,65
996,65
997,69
998,79
999,80
1000,65
1001,78
1002,66
1003,75
1004,69
1005,72
1006,68
1007,75
1008,80
1009,73
1010,73
1011,68
1012,80
1013,68
1014,79
1015,76
1016,74
1017,67
1018,73
1019,70
1020,70
1021,67
1022,65
1023,71
1024,74
1025,66
1026,79
1027,71
1028,74
1029,77
1030,80
1031,65
1032,65
1033,70
1034,76
1035,73
1036,69
1037,72
1038,71
1039,77
1040,71
1041,73
1042,78
1043,69
1044,79
1045,73
1046,79
1047,65
1048,67
1049,72
1050,69
1051,79
1052,69
1053,78
1054,80
1055,69
1056,78
1057,68
1058,75
1059,78
1060,74
1061,65
1062,65
1063,65
1064,76
1065,76
1066,79
1067,75
1068,76
1069,68
1070,79
1071,78
1072,66
1073,77
1074,65
1075,71
1076,69
1077,77
1078,73
1079,69
1080,74
1081,69
1082,71
1083,70
1084,68
1085,68
1086,71
1087,66
1088,65
1089,78
1090,74
1091,69
1092,76
1093,71
1094,74
1095,66
1096,80
1097,77
1098,70
1099,78
1100,73
1101,70
1102,73
1103,68
1104,70
1105,78
1106,70
1107,79
1108,68
1109,80
1110,66
1111,65
1112,80
1113,65
1114,79
1115,80
1116,68
1117,76
1118,71
1119,71
1120,67
1121,67
1122,68
1123,68
1124,75
1125,73
1126,73
1127,79
1128,71
1129,80
1130,80
1131,66
1132,75
1133,69
1134,79
1135,70
1136,69
1137,75
1138,70
1139,76
1140,65
1141,80
1142,68
1143,67
1144,73
1145,78
1146,66
1147,69
1148,74
1149,75
1150,73
1151,78
1152,71
1153,69
1154,76
1155,68
1156,72
1157,78
1158,70
1159,71
1160,65
1161,66
1162,67
1163,68
1164,77
1165,79
1166,78
1167,70
1168,70
1169,71
1170,69
1171,79
1172,67
1173,74
1174,71
1175,74
1176,67
1177,65
1178,67
1179,77
1180,77
1181,71
1182,77
1183,72
1184,66
1185,79
1186,75
1187,77
1188,67
1189,74
1190,70
1191,76
1192,67
1193,70
1194,76
1195,76
1196,72
1197,73
1198,80
1199,76
1200,74
1201,73
1202,80
1203,76
1204,70
1205,69
1206,69
1207,72
1208,75
1209,70
1210,76
1211,80
1212,70
1213,70
1214,76
1215,80
1216,79
1217,77
1218,77
1219,67
1220,72
1221,66
1222,76
1223,78
1224,69
1225,71
1226,67
1227,67
1228,75
1229,68
1230,65
1231,79
1232,75
1233,80
1234,74
1235,73
1236,66
1237,79
1238,74
1239,65
1240,74
1241,71
1242,68
1243,77
1244,80
1245,69
1246,70
1247,78
1248,66
1249,78
1250,78
1251,65
1252,80
1253,80
1254,75
1255,72
1256,78
1257,66
1258,73
1259,66
1260,69
1261,68
1262,67
1263,68
1264,68
1265,79
1266,76
1267,75
1268,72
1269,65
1270,76
1271,70
1272,69
1273,67
1274,76
1275,74
1276,79
1277,67
1278,71
1279,66
1280,78
1281,65
1282,72
1283,77
1284,73
1285,66
1286,68
1287,68
1288,70
1289,65
1290,69
1291,67
1292,67
1293,77
1294,78
1295,78
1296,74
1297,67
1298,69
1299,75
1300,66
1301,78
1302,74
1303,80
1304,67
1305,78
1306,66
1307,73
1308,66
1309,78
1310,68
1311,77
1312,72
1313,65
1314,66
1315,71
1316,78
1317,73
1318,66
1319,77
1320,79
1321,74
1322,68
1323,70
1324,69
1325,67
1326,70
1327,74
1328,79
1329,76
1330,78
1331,73
1332,66
1333,67
1334,72
1335,77
1336,65
1337,80
1338,78
1339,65
1340,73
1341,69
1342,76
1343,68
1344,67
1345,76
1346,69
1347,71
1348,69
1349,72
1350,77
1351,74
1352,75
1353,65
1354,68
1355,79
1356,65
1357,80
1358,73
1359,66
1360,66
1361,75
1362,74
1363,77
1364,65
1365,76
1366,69
1367,70
1368,66
1369,77
1370,66
1371,73
1372,75
1373,80
1374,79
1375,67
1376,72
1377,70
1378,75
1379,74
1380,77
1381,80
1382,76
1383,75
1384,77
1385,69
1386,73
1387,78
1388,78
1389,71
1390,73
1391,66
1392,71
1393,77
1394,77
1395,79
1396,65
1397,80
1398,66
1399,69
1400,76
1401,79
1402,67
1403,70
1404,68
1405,71
1406,79
1407,70
1408,77
1409,70
1410,65
1411,77
1412,75
1413,70
1414,69
1415,75
1416,71
1417,70
1418,78
1419,71
1420,69
1421,69
1422,69
1423,69
1424,67
1425,74
1426,79
1427,77
1428,73
1429,75
1430,78
1431,80
1432,80
1433,66
1434,73
1435,80
1436,72
1437,67
1438,75
1439,69
1440,67
1441,65
1442,70
1443,75
1444,77
1445,73
1446,67
1447,67
1448,71
1449,70
1450,74
1451,67
1452,67
1453,80
1454,74
1455,65
1456,72
1457,80
1458,74
1459,69
1460,73
1461,78
1462,69
1463,75
1464,74
1465,67
1466,66
1467,77
1468,80
1469,80
1470,79
1471,69
1472,73
1473,66
1474,68
1475,77
1476,71
1477,79
1478,65
1479,74
1480,73
1481,78
1482,80
1483,77
1484,77
1485,74
1486,65
1487,74
1488,76
1489,77
1490,74
1491,73
1492,66
1493,75
1494,70
1495,71
1496,73
1497,78
1498,77
1499,71
1500,75
1501,80
1502,71
1503,77
1504,76
1505,76
1506,66
1507,77
1508,77
1509,78
1510,71
1511,72
1512,76
1513,72
1514,77
1515,77
1516,77
1517,73
1518,76
1519,74
1520,75
1521,69
1522,76
1523,70
1524,66
1525,70
1526,70
1527,79
1528,66
1529,77
1530,71
1531,67
1532,71
1533,73
1534,78
1535,74
1536,68
1537,72
1538,76
1539,67
1540,77
1541,73
1542,73
1543,67
1544,79
1545,66
1546,71
1547,77
1548,78
1549,71
1550,75
1551,73
1552,73
1553,65
1554,73
1555,79
1556,66
1557,69
1558,67
1559,79
1560,80
1561,80
1562,72
1563,77
1564,79
1565,66
1566,80
1567,67
1568,66
1569,79
1570,72
1571,77
1572,65
1573,76
1574,67
1575,71
1576,73
1577,74
1578,77
1579,76
1580,67
1581,74
1582,80
1583,77
1584,74
1585,74
1586,66
1587,74
1588,76
1589,70
1590,77
1591,66
1592,65
1593,71
1594,71
1595,70
1596,68
1597,66
1598,73
1599,65
1600,75
1601,68
1602,70
1603,71
1604,73
1605,67
1606,76
1607,79
1608,68
1609,68
1610,80
1611,76
1612,73
1613,67
1614,76
1615,75
1616,72
1617,70
1618,76
1619,71
1620,78
1621,74
1622,78
1623,76
1624,77
1625,73
1626,71
1627,79
1628,66
1629,77
1630,75
1631,76
1632,69
1633,67
1634,66
1635,70
1636,78
1637,77
1638,73
1639,69
1640,72
1641,79
1642,73
1643,75
1644,66
1645,76
1646,76
1647,79
1648,77
1649,72
1650,67
1651,80
1652,76
1653,74
1654,78
1655,76
1656,76
1657,67
1658,79
1659,68
1660,79
1661,70
1662,67
1663,76
1664,74
1665,65
1666,69
1667,75
1668,70
1669,74
1670,74
1671,74
1672,80
1673,71
1674,76
1675,72
1676,71
1677,74
1678,78
1679,71
1680,72
1681,69
1682,71
1683,78
1684,73
1685,73
1686,67
1687,73
1688,80
1689,78
1690,73
1691,71
1692,75
1693,66
1694,77
1695,72
1696,72
1697,70
1698,68
1699,71
1700,78
1701,73
1702,71
1703,75
1704,65
1705,71
1706,71
1707,71
1708,72
1709,77
1710,70
1711,76
1712,80
1713,77
1714,65
1715,78
1716,80
1717,78
1718,78
1719,65
1720,76
1721,69
1722,78
1723,67
1724,65
1725,76
1726,76
1727,73
1728,79
1729,69
1730,74
1731,67
1732,72
1733,75
1734,79
1735,72
1736,77
1737,80
1738,75
1739,77
1740,65
1741,80
1742,73
1743,78
1744,71
1745,68
1746,68
1747,73
1748,69
1749,68
1750,80
1751,76
1752,78
1753,75
1754,69
1755,74
1756,71
1757,68
1758,70
1759,75
1760,75
1761,80
1762,71
1763,80
1764,76
1765,76
1766,66
1767,68
1768,75
1769,77
1770,66
1771,77
1772,71
1773,70
1774,76
1775,80
1776,78
1777,75
1778,66
1779,74
1780,75
1781,68
1782,66
1783,69
1784,67
1785,66
1786,68
1787,67
1788,66
1789,65
1790,71
1791,69
1792,72
1793,79
1794,77
1795,69
1796,79
1797,75
1798,72
1799,70
1800,65
1801,80
1802,66
1803,73
1804,71
1805,68
1806,71
1807,73
1808,68
1809,73
1810,66
1811,73
1812,70
1813,67
1814,77
1815,69
1816,69
1817,77
1818,65
1819,65
1820,76
1821,74
1822,69
1823,74
1824,67
1825,71
1826,80
1827,69
1828,73
1829,76
1830,78
1831,74
1832,79
1833,66
1834,78
1835,73
1836,70
1837,80
1838,74
1839,66
1840,67
1841,66
1842,76
1843,74
1844,76
1845,69
1846,65
1847,80
1848,74
1849,75
1850,67
1851,72
1852,72
1853,74
1854,72
1855,67
1856,71
1857,68
1858,73
1859,70
1860,71
1861,72
1862,77
1863,66
1864,68
1865,68
1866,72
1867,67
1868,73
1869,72
1870,76
1871,68
1872,67
1873,67
1874,69
1875,79
1876,79
1877,77
1878,66
1879,76
1880,74
1881,67
1882,77
1883,73
1884,73
1885,70
1886,70
1887,74
1888,69
1889,70
1890,69
1891,66
1892,73
1893,73
1894,71
1895,78
1896,67
1897,76
1898,66
1899,77
1900,80
1901,70
1902,69
1903,69
1904,80
1905,67
1906,74
1907,79
1908,70
1909,75
1910,66
1911,70
1912,68
1913,74
1914,74
1915,68
1916,78
1917,72
1918,71
1919,76
1920,77
1921,71
1922,77
1923,67
1924,74
1925,80
1926,73
1927,79
1928,78
1929,75
1930,72
1931,74
1932,67
1933,65
1934,67
1935,75
1936,72
1937,73
1938,76
1939,68
1940,67
1941,70
1942,79
1943,78
1944,76
1945,66
1946,75
1947,75
1948,69
1949,74
1950,70
1951,75
1952,74
1953,78
1954,76
1955,76
1956,71
1957,71
1958,69
1959,74
1960,80
1961,80
1962,66
1963,68
1964,69
1965,75
1966,66
1967,66
1968,70
1969,65
1970,70
1971,66
1972,74
1973,80
1974,79
1975,69
1976,73
1977,76
1978,79
1979,73
1980,77
1981,77
1982,76
1983,74
1984,65
1985,77
1986,77
1987,80
1988,78
1989,67
1990,69
1991,72
1992,71
1993,74
1994,79
1995,67
1996,77
1997,67
1998,68
1999,70
2000,73
2001,65
2002,70
2003,69
2004,72
2005,72
2006,72
2007,68
2008,79
2009,76
2010,71
2011,78
2012,65
2013,74
2014,77
2015,69
2016,76
2017,77
2018,79
2019,78
2020,65
2021,78
2022,77
2023,74
2024,79
2025,65
2026,71
2027,74
2028,75
2029,80
2030,65
2031,67
2032,74
2033,75
2034,67
2035,77
2036,80
2037,70
2038,67
2039,65
2040,78
2041,68
2042,70
2043,65
2044,65
2045,80
2046,70
2047,69
2048,76
2049,65
2050,69
2051,69
2052,72
2053,76
2054,76
2055,68
2056,72
2057,65
2058,65
2059,80
2060,77
2061,75
2062,75
2063,70
2064,67
2065,68
2066,65
2067,67
2068,70
2069,70
2070,75
2071,72
2072,70
2073,65
2074,79
2075,80
2076,71
2077,65
2078,71
2079,66
2080,74
2081,79
2082,68
2083,69
2084,77
2085,66
2086,66
2087,74
2088,74
2089,73
2090,67
2091,75
2092,77
2093,68
2094,67
2095,67
2096,68
2097,76
2098,65
2099,78
2100,73
2101,75
2102,77
2103,80
2104,80
2105,78
2106,74
2107,76
2108,72
2109,67
2110,69
2111,78
2112,73
2113,74
2114,65
2115,73
2116,74
2117,65
2118,71
2119,65
2120,78
2121,80
2122,69
2123,67
2124,74
2125,78
2126,68
2127,66
2128,67
2129,70
2130,76
2131,79
2132,70
2133,65
2134,73
2135,74
2136,74
2137,71
2138,76
2139,67
2140,78
2141,72
2142,77
2143,78
2144,72
2145,74
2146,75
2147,72
2148,72
2149,68
2150,80
2151,67
2152,78
2153,75
2154,65
2155,77
2156,79
2157,78
2158,67
2159,72
2160,66
2161,66
2162,74
2163,79
2164,68
2165,75
2166,78
2167,73
2168,70
2169,70
2170,69
2171,78
2172,67
2173,70
2174,80
2175,79
2176,75
2177,75
2178,73
2179,80
2180,70
2181,71
2182,69
2183,76
2184,70
2185,74
2186,74
2187,72
2188,71
2189,69
2190,80
2191,65
2192,76
2193,69
2194,68
2195,66
2196,69
2197,76
2198,80
2199,80
2200,80
2201,77
2202,77
2203,73
2204,68
2205,72
2206,75
2207,67
2208,75
2209,73
2210,79
2211,77
2212,68
2213,74
2214,69
2215,68
2216,75
2217,71
2218,71
2219,77
2220,73
2221,78
2222,78
2223,80
2224,69
2225,80
2226,72
2227,65
2228,73
2229,73
2230,76
2231,78
2232,66
2233,74
2234,74
2235,71
2236,69
2237,77
2238,78
2239,68
2240,70
2241,80
2242,73
2243,68
2244,77
2245,77
2246,67
2247,68
2248,66
2249,74
2250,66
2251,79
2252,71
2253,71
2254,78
2255,76
2256,72
2257,79
2258,76
2259,79
2260,67
2261,65
2262,78
2263,67
2264,71
2265,78
2266,73
2267,66
2268,70
2269,80
2270,75
2271,67
2272,65
2273,70
2274,67
2275,77
2276,76
2277,80
2278,75
2279,69
2280,67
2281,66
2282,68
2283,80
2284,78
2285,67
2286,77
2287,78
2288,67
2289,70
2290,79
2291,78
2292,75
2293,80
2294,65
2295,72
2296,66
2297,66
2298,74
2299,70
2300,70
2301,66
2302,66
2303,72
2304,70
2305,72
2306,72
2307,71
2308,79
2309,72
2310,66
2311,65
2312,69
2313,75
2314,72
2315,77
2316,78
2317,75
2318,71
2319,68
2320,66
2321,74
2322,67
2323,77
2324,69
2325,68
2326,66
2327,74
2328,74
2329,73
2330,79
2331,73
2332,77
2333,72
2334,77
2335,70
2336,75
2337,80
2338,76
2339,72
2340,66
2341,65
2342,77
2343,75
2344,75
2345,70
2346,68
2347,72
2348,70
2349,77
2350,78
2351,69
2352,73
2353,67
2354,68
2355,65
2356,75
2357,72
2358,77
2359,71
2360,78
2361,80
2362,65
2363,80
2364,67
2365,76
2366,80
2367,68
2368,75
2369,66
2370,78
2371,75
2372,77
2373,79
2374,69
2375,68
2376,72
2377,69
2378,74
2379,67
2380,79
2381,79
2382,67
2383,66
2384,78
2385,67
2386,78
2387,66
2388,66
2389,74
2390,79
2391,70
2392,65
2393,67
2394,74
2395,77
2396,75
2397,70
2398,78
2399,72
2400,66
2401,75
2402,68
2403,74
2404,66
2405,71
2406,80
2407,77
2408,79
2409,73
2410,75
2411,71
2412,67
2413,70
2414,73
2415,72
2416,73
2417,75
2418,71
2419,69
2420,71
2421,74
2422,65
2423,74
2424,76
2425,72
2426,76
2427,78
2428,76
2429,67
2430,69
2431,72
2432,77
2433,78
2434,67
2435,80
2436,73
2437,73
2438,70
2439,67
2440,71
2441,73
2442,69
2443,80
2444,79
2445,71
2446,66
2447,67
2448,70
2449,73
2450,66
2451,67
2452,73
2453,77
2454,67
2455,80
2456,79
2457,75
2458,73
2459,65
2460,67
2461,68
2462,67
2463,66
2464,67
2465,70
2466,72
2467,78
2468,65
2469,80
2470,80
2471,75
2472,77
2473,67
2474,74
2475,72
2476,65
2477,66
2478,76
2479,67
2480,77
2481,74
2482,75
2483,78
2484,72
2485,72
2486,74
2487,79
2488,78
2489,66
2490,65
2491,76
2492,71
2493,65
2494,66
2495,76
2496,73
2497,66
2498,67
2499,67
2500,70
2501,70
2502,76
2503,68
2504,66
2505,80
2506,68
2507,75
2508,67
2509,73
2510,70
2511,69
2512,75
2513,75
2514,73
2515,78
2516,77
2517,78
2518,70
2519,71
2520,69
2521,80
2522,77
2523,72
2524,66
2525,65
2526,80
2527,75
2528,68
2529,65
2530,76
2531,72
2532,76
2533,72
2534,66
2535,76
2536,72
2537,78
2538,79
2539,77
2540,68
2541,70
2542,67
2543,71
2544,68
2545,72
2546,78
2547,76
2548,70
2549,77
2550,70
2551,78
2552,66
2553,65
2554,73
2555,66
2556,79
2557,79
2558,67
2559,72
2560,68
2561,76
2562,69
2563,68
2564,72
2565,67
2566,75
2567,74
2568,65
2569,69
2570,69
2571,79
2572,68
2573,75
2574,73
2575,66
2576,68
2577,65
2578,79
2579,72
2580,70
2581,75
2582,75
2583,72
2584,80
2585,69
2586,73
2587,79
2588,71
2589,75
2590,79
2591,79
2592,65
2593,66
2594,71
2595,78
2596,74
2597,69
2598,66
2599,75
2600,74
2601,78
2602,68
2603,72
2604,75
2605,76
2606,77
2607,74
2608,70
2609,65
2610,65
2611,80
2612,70
2613,69
2614,79
2615,70
2616,70
2617,69
2618,72
2619,66
2620,71
2621,78
2622,73
2623,80
2624,75
2625,76
2626,74
2627,73
2628,71
2629,76
2630,68
2631,67
2632,65
2633,67
2634,69
2635,73
2636,75
2637,75
2638,73
2639,79
2640,65
2641,78
2642,70
2643,72
2644,67
2645,70
2646,78
2647,77
2648,77
2649,70
2650,66
2651,76
2652,75
2653,77
2654,75
2655,66
2656,80
2657,69
2658,75
2659,76
2660,79
2661,66
2662,71
2663,67
2664,67
2665,71
2666,80
2667,79
2668,79
2669,72
2670,75
2671,67
2672,68
2673,69
2674,66
2675,76
2676,79
2677,78
2678,79
2679,72
2680,68
2681,67
2682,68
2683,70
2684,72
2685,70
2686,80
2687,72
2688,68
2689,67
2690,79
2691,72
2692,78
2693,68
2694,67
2695,66
2696,66
2697,80
2698,67
2699,67
2700,70
2701,67
2702,76
2703,69
2704,75
2705,70
2706,65
2707,67
2708,75
2709,68
2710,75
2711,74
2712,69
2713,75
2714,69
2715,74
2716,74
2717,74
2718,73
2719,70
2720,79
2721,70
2722,76
2723,74
2724,72
2725,66
2726,80
2727,75
2728,72
2729,74
2730,74
2731,80
2732,70
2733,74
2734,66
2735,66
2736,70
2737,65
2738,67
2739,67
2740,67
2741,65
2742,80
2743,71
2744,71
2745,68
2746,65
2747,73
2748,80
2749,68
2750,73
2751,72
2752,76
2753,75
2754,71
2755,69
2756,72
2757,69
2758,71
2759,78
2760,80
2761,75
2762,65
2763,80
2764,68
2765,77
2766,78
2767,65
2768,66
2769,65
2770,76
2771,77
2772,76
2773,72
2774,69
2775,75
2776,66
2777,79
2778,77
2779,70
2780,78
2781,76
2782,78
2783,76
2784,66
2785,66
2786,71
2787,76
2788,78
2789,66
2790,73
2791,68
2792,71
2793,68
2794,67
2795,68
2796,78
2797,71
2798,72
2799,65
2800,77
2801,80
2802,69
2803,77
2804,71
2805,65
2806,78
2807,80
2808,72
2809,80
2810,69
2811,71
2812,73
2813,66
2814,68
2815,75
2816,74
2817,73
2818,71
2819,73
2820,71
2821,72
2822,72
2823,76
2824,75
2825,70
2826,65
2827,76
2828,74
2829,72
2830,68
2831,78
2832,66
2833,67
2834,70
2835,78
2836,75
2837,66
2838,79
2839,76
2840,77
2841,65
2842,78
2843,73
2844,78
2845,75
2846,72
2847,80
2848,76
2849,76
2850,80
2851,75
2852,70
2853,80
2854,69
2855,69
2856,68
2857,75
2858,79
2859,72
2860,70
2861,73
2862,72
2863,80
2864,70
2865,79
2866,78
2867,77
2868,77
2869,69
2870,67
2871,74
2872,78
2873,78
2874,70
2875,72
2876,65
2877,71
2878,68
2879,79
2880,80
2881,69
2882,74
2883,70
2884,65
2885,75
2886,65
2887,79
2888,75
2889,74
2890,76
2891,69
2892,80
2893,76
2894,72
2895,66
2896,79
2897,75
2898,70
2899,70
2900,69
2901,71
2902,71
2903,72
2904,78
2905,77
2906,79
2907,72
2908,71
2909,66
2910,72
2911,67
2912,69
2913,69
2914,70
2915,71
2916,66
2917,80
2918,69
2919,69
2920,76
2921,66
2922,77
2923,73
2924,68
2925,70
2926,65
2927,80
2928,70
2929,70
2930,65
2931,69
2932,75
2933,72
2934,77
2935,65
2936,68
2937,72
2938,75
2939,74
2940,66
2941,66
2942,77
2943,76
2944,72
2945,75
2946,75
2947,79
2948,79
2949,65
2950,73
2951,65
2952,67
2953,69
2954,74
2955,72
2956,69
2957,76
2958,80
2959,76
2960,71
2961,75
2962,70
2963,69
2964,67
2965,67
2966,74
2967,70
2968,80
2969,75
2970,78
2971,77
2972,68
2973,67
2974,73
2975,73
2976,66
2977,73
2978,75
2979,79
2980,65
2981,78
2982,68
2983,76
2984,69
2985,69
2986,65
2987,68
2988,65
2989,68
2990,72
2991,65
2992,77
2993,73
2994,74
2995,74
2996,70
2997,66
2998,72
2999,67
3000,66
3001,68
3002,78
3003,69
3004,78
3005,74
3006,73
3007,70
3008,73
3009,65
3010,65
3011,70
3012,65
3013,71
3014,75
3015,80
3016,75
3017,73
3018,75
3019,78
3020,74
3021,67
3022,73
3023,79
3024,69
3025,78
3026,77
3027,73
3028,68
3029,80
3030,67
3031,70
3032,75
3033,73
3034,78
3035,71
3036,80
3037,74
3038,75
3039,70
3040,67
3041,76
3042,65
3043,77
3044,78
3045,67
3046,75
3047,76
3048,77
3049,69
3050,73
3051,79
3052,78
3053,77
3054,68
3055,75
3056,70
3057,76
3058,66
3059,74
3060,69
3061,71
3062,71
3063,74
3064,68
3065,68
3066,75
3067,77
3068,79
3069,66
3070,65
3071,69
3072,67
3073,73
3074,80
3075,72
3076,77
3077,77
3078,78
3079,77
3080,70
3081,70
3082,80
3083,75
3084,72
3085,76
3086,75
3087,79
3088,77
3089,72
3090,66
3091,73
3092,66
3093,72
3094,75
3095,76
3096,75
3097,76
3098,74
3099,68
3100,74
3101,68
3102,70
3103,74
3104,67
3105,73
3106,77
3107,72
3108,69
3109,78
3110,77
3111,79
3112,75
3113,65
3114,74
3115,72
3116,79
3117,68
3118,70
3119,65
3120,73
3121,73
3122,75
3123,78
3124,65
3125,65
3126,77
3127,79
3128,70
3129,77
3130,78
3131,72
3132,76
3133,80
3134,70
3135,68
3136,69
3137,77
3138,74
3139,72
3140,78
3141,70
3142,78
3143,71
3144,67
3145,71
3146,65
3147,71
3148,78
3149,66
3150,68
3151,77
3152,65
3153,78
3154,76
3155,69
3156,67
3157,76
3158,73
3159,76
3160,79
3161,70
3162,65
3163,78
3164,69
3165,66
3166,74
3167,79
3168,73
3169,71
3170,67
3171,73
3172,78
3173,65
3174,78
3175,66
3176,68
3177,75
3178,69
3179,80
3180,66
3181,74
3182,66
3183,70
3184,72
3185,69
3186,73
3187,66
3188,71
3189,79
3190,65
3191,78
3192,71
3193,74
3194,77
3195,68
3196,70
3197,65
3198,74
3199,76
3200,70
3201,74
3202,65
3203,80
3204,70
3205,80
3206,69
3207,69
3208,72
3209,65
3210,75
3211,73
3212,67
3213,79
3214,67
3215,69
3216,78
3217,74
3218,67
3219,78
3220,70
3221,70
3222,71
3223,72
3224,70
3225,73
3226,78
3227,72
3228,68
3229,77
3230,65
3231,65
3232,72
3233,80
3234,80
3235,78
3236,66
3237,75
3238,74
3239,68
3240,66
3241,74
3242,65
3243,70
3244,73
3245,66
3246,70
3247,65
3248,69
3249,68
3250,69
3251,68
3252,71
3253,65
3254,77
3255,73
3256,72
3257,67
3258,73
3259,73
3260,73
3261,78
3262,71
3263,67
3264,78
3265,74
3266,66
3267,72
3268,79
3269,67
3270,66
3271,72
3272,71
3273,74
3274,66
3275,73
3276,67
3277,78
3278,77
3279,72
3280,78
3281,78
3282,79
3283,70
3284,70
3285,79
3286,74
3287,76
3288,67
3289,77
3290,80
3291,74
3292,78
3293,77
3294,76
3295,80
3296,66
3297,69
3298,76
3299,67
3300,71
3301,75
3302,67
3303,80
3304,78
3305,79
3306,67
3307,73
3308,66
3309,69
3310,65
3311,65
3312,75
3313,75
3314,76
3315,65
3316,66
3317,68
3318,65
3319,66
3320,78
3321,78
3322,80
3323,79
3324,75
3325,76
3326,74
3327,69
3328,80
3329,72
3330,79
3331,70
3332,74
3333,77
3334,67
3335,66
3336,79
3337,76
3338,78
3339,74
3340,68
3341,69
3342,68
3343,74
3344,74
3345,73
3346,74
3347,75
3348,74
3349,68
3350,77
3351,75
3352,77
3353,69
3354,66
3355,79
3356,80
3357,73
3358,72
3359,73
3360,68
3361,79
3362,75
3363,79
3364,69
3365,67
3366,66
3367,76
3368,75
3369,74
3370,71
3371,79
3372,76
3373,70
3374,67
3375,67
3376,69
3377,73
3378,68
3379,79
3380,65
3381,75
3382,65
3383,72
3384,65
3385,69
3386,79
3387,80
3388,65
3389,72
3390,71
3391,66
3392,76
3393,66
3394,67
3395,75
3396,66
3397,80
3398,78
3399,70
3400,71
3401,76
3402,65
3403,68
3404,67
3405,73
3406,69
3407,65
3408,70
3409,77
3410,65
3411,67
3412,69
3413,73
3414,72
3415,75
3416,78
3417,65
3418,70
3419,78
3420,74
3421,65
3422,74
3423,69
3424,74
3425,72
3426,77
3427,66
3428,69
3429,79
3430,69
3431,67
3432,73
3433,66
3434,72
3435,65
3436,71
3437,72
3438,75
3439,70
3440,76
3441,73
3442,70
3443,75
3444,79
3445,69
3446,70
3447,66
3448,78
3449,76
3450,75
3451,66
3452,76
3453,70
3454,71
3455,78
3456,66
3457,66
3458,66
3459,75
3460,72
3461,74
3462,70
3463,66
3464,72
3465,75
3466,65
3467,69
3468,70
3469,77
3470,77
3471,75
3472,71
3473,67
3474,66
3475,73
3476,73
3477,79
3478,72
3479,80
3480,69
3481,68
3482,72
3483,76
3484,80
3485,80
3486,66
3487,65
3488,65
3489,76
3490,78
3491,78
3492,80
3493,74
3494,70
3495,67
3496,68
3497,65
3498,73
3499,79
3500,68
3501,67
3502,72
3503,77
3504,72
3505,69
3506,68
3507,71
3508,77
3509,77
3510,77
3511,78
3512,71
3513,69
3514,77
3515,68
3516,73
3517,69
3518,78
3519,71
3520,65
3521,78
3522,72
3523,79
3524,73
3525,73
3526,72
3527,79
3528,65
3529,78
3530,79
3531,73
3532,78
3533,76
3534,66
3535,65
3536,65
3537,77
3538,79
3539,76
3540,66
3541,70
3542,71
3543,76
3544,70
3545,75
3546,77
3547,66
3548,78
3549,76
3550,76
3551,65
3552,80
3553,66
3554,73
3555,73
3556,79
3557,77
3558,65
3559,73
3560,69
3561,65
3562,77
3563,67
3564,70
3565,71
3566,77
3567,74
3568,79
3569,77
3570,70
3571,67
3572,66
3573,67
3574,79
3575,75
3576,65
3577,65
3578,71
3579,76
3580,68
3581,73
3582,80
3583,69
3584,69
3585,79
3586,74
3587,79
3588,75
3589,78
3590,80
3591,74
3592,69
3593,80
3594,68
3595,73
3596,67
3597,76
3598,73
3599,65
3600,69
3601,79
3602,77
3603,71
3604,77
3605,70
3606,72
3607,72
3608,73
3609,75
3610,72
3611,78
3612,67
3613,69
3614,80
3615,71
3616,65
3617,73
3618,68
3619,67
3620,66
3621,74
3622,65
3623,77
3624,66
3625,78
3626,80
3627,68
3628,66
3629,79
3630,74
3631,73
3632,71
3633,75
3634,77
3635,77
3636,75
3637,78
3638,70
3639,73
3640,73
3641,73
3642,79
3643,80
3644,71
3645,73
3646,65
3647,72
3648,77
3649,67
3650,73
3651,77
3652,78
3653,68
3654,69
3655,66
3656,80
3657,71
3658,65
3659,73
3660,74
3661,65
3662,68
3663,73
3664,69
3665,77
3666,70
3667,80
3668,68
3669,77
3670,74
3671,67
3672,80
3673,76
3674,68
3675,79
3676,72
3677,78
3678,65
3679,65
3680,79
3681,69
3682,71
3683,72
3684,69
3685,77
3686,69
3687,65
3688,66
3689,69
3690,79
3691,80
3692,78
3693,74
3694,72
3695,77
3696,72
3697,72
3698,80
3699,76
3700,75
3701,80
3702,70
3703,80
3704,66
3705,65
3706,69
3707,68
3708,74
3709,73
3710,72
3711,67
3712,69
3713,71
3714,77
3715,69
3716,76
3717,65
3718,78
3719,69
3720,78
3721,74
3722,79
3723,80
3724,66
3725,68
3726,72
3727,70
3728,68
3729,72
3730,72
3731,68
3732,80
3733,75
3734,72
3735,76
3736,78
3737,76
3738,72
3739,80
3740,74
3741,74
3742,79
3743,73
3744,66
3745,78
3746,68
3747,75
3748,77
3749,66
3750,74
3751,73
3752,70
3753,66
3754,65
3755,73
3756,69
3757,76
3758,76
3759,80
3760,71
3761,79
3762,67
3763,74
3764,77
3765,76
3766,74
3767,66
3768,69
3769,76
3770,78
3771,74
3772,69
3773,75
3774,71
3775,70
3776,76
3777,68
3778,76
3779,69
3780,75
3781,79
3782,75
3783,74
3784,75
3785,68
3786,70
3787,73
3788,69
3789,69
3790,66
3791,79
3792,70
3793,75
3794,68
3795,70
3796,73
3797,80
3798,72
3799,66
3800,66
3801,79
3802,72
3803,70
3804,79
3805,75
3806,70
3807,75
3808,70
3809,71
3810,80
3811,78
3812,78
3813,72
3814,68
3815,76
3816,66
3817,77
3818,78
3819,65
3820,70
3821,66
3822,68
3823,74
3824,77
3825,80
3826,77
3827,70
3828,68
3829,74
3830,70
3831,70
3832,65
3833,80
3834,74
3835,73
3836,65
3837,69
3838,71
3839,78
3840,66
3841,74
3842,70
3843,80
3844,78
3845,77
3846,65
3847,66
3848,65
3849,73
3850,67
3851,77
3852,72
3853,80
3854,68
3855,65
3856,80
3857,67
3858,69
3859,69
3860,71
3861,68
3862,76
3863,77
3864,78
3865,76
3866,70
3867,74
3868,69
3869,76
3870,66
3871,71
3872,70
3873,80
3874,77
3875,72
3876,68
3877,71
3878,69
3879,77
3880,72
3881,67
3882,75
3883,71
3884,67
3885,73
3886,76
3887,65
3888,67
3889,74
3890,70
3891,77
3892,74
3893,76
3894,70
3895,80
3896,80
3897,76
3898,80
3899,77
3900,67
3901,67
3902,65
3903,65
3904,71
3905,80
3906,71
3907,66
3908,66
3909,68
3910,77
3911,79
3912,73
3913,73
3914,65
3915,65
3916,79
3917,69
3918,77
3919,79
3920,73
3921,67
3922,72
3923,66
3924,69
3925,76
3926,71
3927,77
3928,80
3929,71
3930,76
3931,74
3932,66
3933,78
3934,76
3935,76
3936,66
3937,76
3938,79
3939,70
3940,76
3941,68
3942,69
3943,76
3944,73
3945,70
3946,78
3947,68
3948,65
3949,68
3950,74
3951,69
3952,71
3953,75
3954,74
3955,68
3956,67
3957,66
3958,65
3959,69
3960,65
3961,75
3962,67
3963,66
3964,70
3965,79
3966,79
3967,73
3968,80
3969,75
3970,72
3971,69
3972,67
3973,77
3974,65
3975,71
3976,79
3977,72
3978,70
3979,80
3980,72
3981,72
3982,79
3983,73
3984,73
3985,74
3986,67
3987,66
3988,75
3989,76
3990,67
3991,69
3992,76
3993,78
3994,72
3995,80
3996,68
3997,68
3998,76
3999,67
4000,74
4001,72
4002,74
4003,66
4004,75
4005,68
4006,78
4007,77
4008,74
4009,70
4010,75
4011,69
4012,78
4013,72
4014,68
4015,77
4016,71
4017,69
4018,68
4019,76
4020,74
4021,76
4022,69
4023,67
4024,77
4025,75
4026,75
4027,65
4028,66
4029,70
4030,80
4031,65
4032,67
4033,67
4034,79
4035,71
4036,73
4037,68
4038,77
4039,74
4040,77
4041,78
4042,68
4043,74
4044,65
4045,69
4046,73
4047,78
4048,77
4049,67
4050,65
4051,67
4052,69
4053,76
4054,78
4055,70
4056,79
4057,75
4058,80
4059,66
4060,68
4061,67
4062,70
4063,76
4064,66
4065,75
4066,68
4067,72
4068,73
4069,67
4070,80
4071,72
4072,76
4073,67
4074,71
4075,76
4076,75
4077,77
4078,72
4079,80
4080,67
4081,68
4082,72
4083,70
4084,71
4085,69
4086,77
4087,76
4088,71
4089,78
4090,79
4091,78
4092,68
4093,71
4094,69
4095,67
4096,73
4097,69
4098,77
4099,75
4100,75
4101,78
4102,65
4103,65
4104,80
4105,65
4106,71
4107,80
4108,68
4109,74
4110,66
4111,68
4112,69
4113,79
4114,71
4115,68
4116,79
4117,79
4118,65
4119,66
4120,80
4121,71
4122,79
4123,80
4124,70
4125,73
4126,68
4127,76
4128,65
4129,77
4130,66
4131,70
4132,69
4133,72
4134,78
4135,68
4136,71
4137,67
4138,71
4139,73
4140,80
4141,70
4142,73
4143,71
4144,67
4145,65
4146,71
4147,69
4148,73
4149,65
4150,77
4151,72
4152,75
4153,65
4154,79
4155,80
4156,74
4157,78
4158,68
4159,66
4160,79
4161,72
4162,70
4163,66
4164,76
4165,76
4166,77
4167,77
4168,71
4169,67
4170,78
4171,80
4172,73
4173,72
4174,76
4175,71
4176,68
4177,69
4178,78
4179,67
4180,75
4181,69
4182,71
4183,65
4184,80
4185,80
4186,74
4187,76
4188,70
4189,79
4190,74
4191,74
4192,68
4193,75
4194,78
4195,73
4196,70
4197,71
4198,66
4199,70
4200,66
4201,68
4202,67
4203,70
4204,74
4205,80
4206,66
4207,69
4208,78
4209,73
4210,78
4211,74
4212,76
4213,68
4214,70
4215,75
4216,78
4217,79
4218,71
4219,69
4220,67
4221,67
4222,70
4223,73
4224,73
4225,68
4226,70
4227,73
4228,80
4229,80
4230,71
4231,65
4232,65
4233,76
4234,78
4235,65
4236,73
4237,68
4238,80
4239,68
4240,65
4241,75
4242,78
4243,73
4244,74
4245,79
4246,71
4247,79
4248,76
4249,75
4250,72
4251,72
4252,76
4253,78
4254,65
4255,70
4256,74
4257,75
4258,68
4259,71
4260,73
4261,72
4262,74
4263,72
4264,70
4265,68
4266,67
4267,71
4268,79
4269,79
4270,80
4271,70
4272,69
4273,76
4274,71
4275,77
4276,69
4277,70
4278,67
4279,72
4280,66
4281,71
4282,77
4283,69
4284,67
4285,66
4286,73
4287,69
4288,75
4289,68
4290,77
4291,71
4292,74
4293,80
4294,80
4295,76
4296,68
4297,76
4298,80
4299,65
4300,75
4301,68
4302,72
4303,74
4304,75
4305,68
4306,65
4307,72
4308,65
4309,71
4310,76
4311,77
4312,73
4313,78
4314,78
4315,70
4316,75
4317,71
4318,78
4319,78
4320,73
4321,67
4322,67
4323,77
4324,65
4325,76
4326,75
4327,77
4328,65
4329,66
4330,66
4331,66
4332,77
4333,71
4334,77
4335,74
4336,73
4337,73
4338,71
4339,79
4340,71
4341,74
4342,77
4343,71
4344,67
4345,80
4346,70
4347,71
4348,66
4349,80
4350,67
4351,68
4352,67
4353,75
4354,72
4355,72
4356,76
4357,65
4358,65
4359,77
4360,70
4361,79
4362,71
4363,80
4364,69
4365,75
4366,67
4367,78
4368,66
4369,77
4370,79
4371,67
4372,76
4373,80
4374,78
4375,75
4376,72
4377,78
4378,69
4379,65
4380,68
4381,66
4382,79
4383,68
4384,74
4385,74
4386,76
4387,76
4388,75
4389,80
4390,79
4391,71
4392,68
4393,70
4394,77
4395,80
4396,72
4397,79
4398,70
4399,66
4400,68
4401,77
4402,69
4403,65
4404,80
4405,79
4406,72
4407,72
4408,72
4409,76
4410,65
4411,72
4412,77
4413,76
4414,75
4415,80
4416,80
4417,75
4418,69
4419,72
4420,73
4421,80
4422,68
4423,71
4424,65
4425,69
4426,74
4427,77
4428,80
4429,67
4430,66
4431,65
4432,79
4433,73
4434,73
4435,65
4436,73
4437,78
4438,73
4439,79
4440,73
4441,71
4442,67
4443,71
4444,66
4445,71
4446,76
4447,75
4448,79
4449,78
4450,71
4451,68
4452,77
4453,80
4454,75
4455,71
4456,68
4457,65
4458,71
4459,71
4460,78
4461,67
4462,68
4463,79
4464,70
4465,73
4466,67
4467,68
4468,74
4469,71
4470,72
4471,73
4472,70
4473,79
4474,78
4475,76
4476,66
4477,71
4478,69
4479,75
4480,76
4481,68
4482,66
4483,66
4484,67
4485,67
4486,70
4487,68
4488,70
4489,79
4490,74
4491,68
4492,67
4493,79
4494,77
4495,67
4496,80
4497,76
4498,75
4499,70
4500,74
4501,73
4502,70
4503,77
4504,69
4505,67
4506,68
4507,78
4508,79
4509,80
4510,71
4511,72
4512,78
4513,73
4514,78
4515,66
4516,68
4517,79
4518,72
4519,74
4520,74
4521,70
4522,65
4523,70
4524,70
4525,78
4526,70
4527,72
4528,68
4529,71
4530,68
4531,68
4532,78
4533,72
4534,75
4535,71
4536,77
4537,66
4538,71
4539,69
4540,72
4541,69
4542,68
4543,76
4544,69
4545,77
4546,77
4547,75
4548,65
4549,68
4550,73
4551,76
4552,71
4553,78
4554,77
4555,71
4556,72
4557,80
4558,78
4559,74
4560,75
4561,76
4562,74
4563,76
4564,73
4565,65
4566,72
4567,72
4568,67
4569,70
4570,67
4571,71
4572,65
4573,79
4574,80
4575,73
4576,70
4577,70
4578,68
4579,75
4580,72
4581,75
4582,74
4583,66
4584,68
4585,76
4586,70
4587,67
4588,65
4589,74
4590,71
4591,79
4592,74
4593,79
4594,71
4595,70
4596,80
4597,70
4598,66
4599,75
4600,74
4601,72
4602,72
4603,69
4604,75
4605,70
4606,74
4607,78
4608,80
4609,74
4610,71
4611,65
4612,72
4613,73
4614,67
4615,71
4616,78
4617,78
4618,68
4619,78
4620,75
4621,75
4622,72
4623,68
4624,76
4625,70
4626,73
4627,72
4628,67
4629,70
4630,76
4631,70
4632,72
4633,78
4634,79
4635,65
4636,76
4637,65
4638,77
4639,71
4640,76
4641,66
4642,77
4643,74
4644,75
4645,77
4646,75
4647,69
4648,71
4649,69
4650,67
4651,71
4652,73
4653,69
4654,71
4655,70
4656,79
4657,73
4658,78
4659,65
4660,69
4661,67
4662,72
4663,67
4664,75
4665,65
4666,72
4667,70
4668,76
4669,71
4670,74
4671,73
4672,76
4673,73
4674,66
4675,68
4676,66
4677,76
4678,78
4679,69
4680,74
4681,79
4682,71
4683,67
4684,73
4685,74
4686,65
4687,75
4688,72
4689,68
4690,68
4691,79
4692,79
4693,69
4694,73
4695,72
4696,71
4697,77
4698,71
4699,66
4700,67
4701,68
4702,70
4703,76
4704,79
4705,69
4706,70
4707,77
4708,73
4709,67
4710,65
4711,73
4712,78
4713,77
4714,75
4715,74
4716,67
4717,73
4718,71
4719,65
4720,78
4721,68
4722,74
4723,65
4724,80
4725,68
4726,76
4727,79
4728,72
4729,80
4730,80
4731,74
4732,68
4733,71
4734,71
4735,79
4736,77
4737,79
4738,66
4739,68
4740,74
4741,73
4742,75
4743,79
4744,65
4745,75
4746,74
4747,76
4748,67
4749,69
4750,71
4751,78
4752,77
4753,80
4754,73
4755,70
4756,72
4757,69
4758,67
4759,76
4760,65
4761,68
4762,68
4763,71
4764,74
4765,74
4766,76
4767,70
4768,67
4769,69
4770,65
4771,78
4772,73
4773,67
4774,71
4775,67
4776,72
4777,68
4778,69
4779,80
4780,80
4781,75
4782,77
4783,78
4784,76
4785,75
4786,78
4787,75
4788,65
4789,73
4790,71
4791,66
4792,74
4793,66
4794,72
4795,69
4796,66
4797,76
4798,69
4799,75
4800,68
4801,72
4802,80
4803,77
4804,79
4805,70
4806,80
4807,78
4808,78
4809,69
4810,71
4811,73
4812,77
4813,65
4814,79
4815,80
4816,79
4817,73
4818,76
4819,77
4820,65
4821,71
4822,73
4823,66
4824,71
4825,69
4826,77
4827,75
4828,80
4829,79
4830,79
4831,80
4832,74
4833,73
4834,74
4835,66
4836,78
4837,77
4838,74
4839,77
4840,78
4841,66
4842,66
4843,70
4844,75
4845,68
4846,77
4847,69
4848,74
4849,70
4850,76
4851,65
4852,75
4853,78
4854,74
4855,72
4856,73
4857,75
4858,74
4859,76
4860,77
4861,73
4862,71
4863,74
4864,71
4865,76
4866,69
4867,71
4868,68
4869,71
4870,75
4871,75
4872,71
4873,68
4874,72
4875,65
4876,80
4877,76
4878,69
4879,65
4880,79
4881,70
4882,69
4883,77
4884,71
4885,73
4886,72
4887,79
4888,70
4889,73
4890,65
4891,74
4892,72
4893,77
4894,75
4895,76
4896,75
4897,78
4898,66
4899,72
4900,71
4901,67
4902,73
4903,75
4904,80
4905,73
4906,68
4907,77
4908,77
4909,67
4910,70
4911,67
4912,78
4913,66
4914,74
4915,74
4916,78
4917,78
4918,79
4919,72
4920,77
4921,67
4922,77
4923,79
4924,71
4925,79
4926,71
4927,74
4928,72
4929,67
4930,65
4931,76
4932,80
4933,68
4934,77
4935,76
4936,69
4937,67
4938,76
4939,65
4940,71
4941,73
4942,77
4943,78
4944,69
4945,78
4946,69
4947,68
4948,76
4949,65
4950,73
4951,71
4952,80
4953,65
4954,65
4955,72
4956,67
4957,78
4958,77
4959,71
4960,73
4961,78
4962,66
4963,80
4964,80
4965,74
4966,69
4967,79
4968,68
4969,73
4970,76
4971,71
4972,75
4973,69
4974,68
4975,70
4976,75
4977,67
4978,78
4979,65
4980,77
4981,78
4982,72
4983,77
4984,76
4985,70
4986,78
4987,69
4988,70
4989,70
4990,75
4991,70
4992,69
4993,75
4994,71
4995,73
4996,80
4997,76
4998,67
4999,79
5000,76